"Sample","Bioproject"
"SRR525286","PRJNA171150"
"SRR525287","PRJNA171150"
"SRR525288","PRJNA171150"
"SRR525289","PRJNA171150"
"SRR525290","PRJNA171150"
"SRR525291","PRJNA171150"
"SRR577049","PRJNA176153"
"SRR577050","PRJNA176153"
"SRR833240","PRJNA198476"
"SRR833241","PRJNA198476"
"SRR833242","PRJNA198476"
"SRR833243","PRJNA198476"
"SRR834594","PRJNA198785"
"SRR834595","PRJNA198785"
"SRR834596","PRJNA198785"
"SRR834597","PRJNA198785"
"SRR834598","PRJNA198785"
"SRR834599","PRJNA198785"
"SRR834600","PRJNA198785"
"SRR834601","PRJNA198785"
"SRR834602","PRJNA198785"
"SRR834603","PRJNA198785"
"SRR834604","PRJNA198785"
"SRR1198063","PRJNA241944"
"SRR1198064","PRJNA241944"
"SRR1198065","PRJNA241944"
"SRR1198066","PRJNA241944"
"SRR1198067","PRJNA241944"
"SRR1198068","PRJNA241944"
"SRR1198069","PRJNA241944"
"SRR1198070","PRJNA241944"
"SRR1198071","PRJNA241944"
"SRR1198072","PRJNA241944"
"SRR1198073","PRJNA241944"
"SRR1198074","PRJNA241944"
"SRR1501343","PRJNA253943"
"SRR1501344","PRJNA253943"
"SRR1501345","PRJNA253943"
"SRR1501346","PRJNA253943"
"SRR1501347","PRJNA253943"
"SRR1501348","PRJNA253943"
"SRR1501349","PRJNA253943"
"SRR1501350","PRJNA253943"
"SRR1501351","PRJNA253943"
"SRR1501352","PRJNA253943"
"SRR1501353","PRJNA253943"
"SRR1501354","PRJNA253943"
"SRR1536002","PRJNA257404"
"SRR1536003","PRJNA257404"
"SRR1536004","PRJNA257404"
"SRR1536005","PRJNA257404"
"SRR1536006","PRJNA257404"
"SRR1536007","PRJNA257404"
"SRR1536008","PRJNA257404"
"SRR1536009","PRJNA257404"
"SRR1536010","PRJNA257404"
"SRR1536011","PRJNA257404"
"SRR1536012","PRJNA257404"
"SRR1536013","PRJNA257404"
"SRR1536014","PRJNA257404"
"SRR1536015","PRJNA257404"
"SRR1536016","PRJNA257404"
"SRR1536017","PRJNA257404"
"SRR1536018","PRJNA257404"
"SRR1536019","PRJNA257404"
"SRR1536020","PRJNA257404"
"SRR1536021","PRJNA257404"
"SRR1536022","PRJNA257404"
"SRR1536023","PRJNA257404"
"SRR1536024","PRJNA257404"
"SRR1536025","PRJNA257404"
"SRR1536026","PRJNA257404"
"SRR1536027","PRJNA257404"
"SRR1536028","PRJNA257404"
"SRR1536029","PRJNA257404"
"SRR1536030","PRJNA257404"
"SRR1536031","PRJNA257404"
"SRR1536032","PRJNA257404"
"SRR1536033","PRJNA257404"
"SRR1536034","PRJNA257404"
"SRR1536035","PRJNA257404"
"SRR1536036","PRJNA257404"
"SRR1536037","PRJNA257404"
"SRR1536038","PRJNA257404"
"SRR1536039","PRJNA257404"
"SRR1536040","PRJNA257404"
"SRR1536041","PRJNA257404"
"SRR1536042","PRJNA257404"
"SRR1536043","PRJNA257404"
"SRR1536044","PRJNA257404"
"SRR1536045","PRJNA257404"
"SRR1536046","PRJNA257404"
"SRR1536047","PRJNA257404"
"SRR1536048","PRJNA257404"
"SRR1536049","PRJNA257404"
"SRR1536050","PRJNA257404"
"SRR1536051","PRJNA257404"
"SRR1536052","PRJNA257404"
"SRR1536053","PRJNA257404"
"SRR1536054","PRJNA257404"
"SRR1536055","PRJNA257404"
"SRR1536056","PRJNA257404"
"SRR1536057","PRJNA257404"
"SRR1556279","PRJNA259222"
"SRR1556280","PRJNA259222"
"SRR1556281","PRJNA259222"
"SRR1556282","PRJNA259222"
"SRR1556283","PRJNA259222"
"SRR1556284","PRJNA259222"
"SRR1578745","PRJNA261420"
"SRR1585277","PRJNA261970"
"SRR1585278","PRJNA261970"
"SRR1585279","PRJNA261970"
"SRR1585280","PRJNA261970"
"SRR1643945","PRJNA266552"
"SRR1643946","PRJNA266552"
"SRR1643947","PRJNA266552"
"SRR1643948","PRJNA266552"
"SRR1643949","PRJNA266552"
"SRR1643950","PRJNA266552"
"SRR1643951","PRJNA266552"
"SRR1643952","PRJNA266552"
"SRR1643953","PRJNA266552"
"SRR1643954","PRJNA266552"
"SRR1643955","PRJNA266552"
"SRR1643956","PRJNA266552"
"SRR1658963","PRJNA268148"
"SRR1658964","PRJNA268148"
"SRR1658965","PRJNA268148"
"SRR1658966","PRJNA268148"
"SRR1658967","PRJNA268148"
"SRR1658968","PRJNA268148"
"SRR1658969","PRJNA268148"
"SRR1658970","PRJNA268148"
"SRR1658971","PRJNA268148"
"SRR1658972","PRJNA268148"
"SRR1658973","PRJNA268148"
"SRR1658974","PRJNA268148"
"SRR1658975","PRJNA268148"
"SRR1658976","PRJNA268148"
"SRR1658977","PRJNA268148"
"SRR1658978","PRJNA268148"
"SRR1658979","PRJNA268148"
"SRR1658980","PRJNA268148"
"SRR1658981","PRJNA268148"
"SRR1658982","PRJNA268148"
"SRR1658983","PRJNA268148"
"SRR1658984","PRJNA268148"
"SRR1658985","PRJNA268148"
"SRR1658986","PRJNA268148"
"SRR1658987","PRJNA268148"
"SRR1658988","PRJNA268148"
"SRR1658989","PRJNA268148"
"SRR1658990","PRJNA268148"
"SRR1658991","PRJNA268148"
"SRR1658992","PRJNA268148"
"SRR1658993","PRJNA268148"
"SRR1658994","PRJNA268148"
"SRR1658995","PRJNA268148"
"SRR1658996","PRJNA268148"
"SRR1658997","PRJNA268148"
"SRR1658998","PRJNA268148"
"SRR1658999","PRJNA268148"
"SRR1659000","PRJNA268148"
"SRR1659001","PRJNA268148"
"SRR1659002","PRJNA268148"
"SRR1659003","PRJNA268148"
"SRR1659004","PRJNA268148"
"SRR1659005","PRJNA268148"
"SRR1777595","PRJNA273888"
"SRR1777596","PRJNA273888"
"SRR1777597","PRJNA273888"
"SRR1777598","PRJNA273888"
"SRR1777599","PRJNA273888"
"SRR1793991","PRJNA274976"
"SRR1793992","PRJNA274976"
"SRR1793993","PRJNA274976"
"SRR1793994","PRJNA274976"
"SRR2005820","PRJNA282784"
"SRR2040662","PRJNA285045"
"SRR2040663","PRJNA285045"
"SRR2040664","PRJNA285045"
"SRR2040665","PRJNA285045"
"SRR2040666","PRJNA285045"
"SRR2040667","PRJNA285045"
"SRR2040668","PRJNA285045"
"SRR2040669","PRJNA285045"
"SRR2040670","PRJNA285045"
"SRR2040671","PRJNA285045"
"SRR2040672","PRJNA285045"
"SRR2040673","PRJNA285045"
"SRR2040674","PRJNA285045"
"SRR2040675","PRJNA285045"
"SRR2040676","PRJNA285045"
"SRR2040677","PRJNA285045"
"SRR2040678","PRJNA285045"
"SRR2040679","PRJNA285045"
"SRR2040680","PRJNA285045"
"SRR2040681","PRJNA285045"
"SRR2072653","PRJNA287674"
"SRR2072654","PRJNA287674"
"SRR2072655","PRJNA287674"
"SRR2072656","PRJNA287674"
"SRR2072657","PRJNA287674"
"SRR2072658","PRJNA287674"
"SRR2072659","PRJNA287674"
"SRR2072660","PRJNA287674"
"SRR2072661","PRJNA287674"
"SRR2072662","PRJNA287674"
"SRR2185654","PRJNA294011"
"SRR2185655","PRJNA294011"
"SRR2185656","PRJNA294011"
"SRR2185657","PRJNA294011"
"SRR2185658","PRJNA294011"
"SRR2185659","PRJNA294011"
"SRR2185660","PRJNA294011"
"SRR2185661","PRJNA294011"
"SRR2185662","PRJNA294011"
"SRR2185663","PRJNA294011"
"SRR2185664","PRJNA294011"
"SRR2185665","PRJNA294011"
"SRR2185666","PRJNA294011"
"SRR2185667","PRJNA294011"
"SRR2185668","PRJNA294011"
"SRR2185669","PRJNA294011"
"SRR2185670","PRJNA294011"
"SRR2185671","PRJNA294011"
"SRR2185672","PRJNA294011"
"SRR2185673","PRJNA294011"
"SRR2185674","PRJNA294011"
"SRR2537183","PRJNA297365"
"SRR2537184","PRJNA297365"
"SRR2537185","PRJNA297365"
"SRR2537186","PRJNA297365"
"SRR2537191","PRJNA297365"
"SRR2537192","PRJNA297365"
"SRR2537193","PRJNA297365"
"SRR2537194","PRJNA297365"
"SRR2537195","PRJNA297365"
"SRR2537196","PRJNA297365"
"SRR2537197","PRJNA297365"
"SRR2537198","PRJNA297365"
"SRR3105671","PRJNA309116"
"SRR3105672","PRJNA309116"
"SRR3105673","PRJNA309116"
"SRR3105674","PRJNA309116"
"SRR3105675","PRJNA309116"
"SRR3105676","PRJNA309116"
"SRR3173720","PRJNA312237"
"SRR3173722","PRJNA312237"
"SRR3173723","PRJNA312237"
"SRR3173724","PRJNA312237"
"SRR3173725","PRJNA312237"
"SRR3173726","PRJNA312237"
"SRR3173727","PRJNA312237"
"SRR3173728","PRJNA312237"
"SRR3173729","PRJNA312237"
"SRR3173730","PRJNA312237"
"SRR3173731","PRJNA312237"
"SRR3173732","PRJNA312237"
"SRR3173733","PRJNA312237"
"SRR3173734","PRJNA312237"
"SRR3173735","PRJNA312237"
"SRR3173736","PRJNA312237"
"SRR3173737","PRJNA312237"
"SRR3173738","PRJNA312237"
"SRR3173739","PRJNA312237"
"SRR3173740","PRJNA312237"
"SRR3173741","PRJNA312237"
"SRR3173742","PRJNA312237"
"SRR3173743","PRJNA312237"
"SRR3173744","PRJNA312237"
"SRR3173745","PRJNA312237"
"SRR3173746","PRJNA312237"
"SRR3173747","PRJNA312237"
"SRR3173748","PRJNA312237"
"SRR3173749","PRJNA312237"
"SRR3173750","PRJNA312237"
"SRR3173751","PRJNA312237"
"SRR3173752","PRJNA312237"
"SRR3173753","PRJNA312237"
"SRR3173754","PRJNA312237"
"SRR3173755","PRJNA312237"
"SRR3173756","PRJNA312237"
"SRR3173757","PRJNA312237"
"SRR3173758","PRJNA312237"
"SRR3173759","PRJNA312237"
"SRR3173760","PRJNA312237"
"SRR3173761","PRJNA312237"
"SRR3173762","PRJNA312237"
"SRR3173763","PRJNA312237"
"SRR3173764","PRJNA312237"
"SRR3173765","PRJNA312237"
"SRR3173766","PRJNA312237"
"SRR3173767","PRJNA312237"
"SRR3173768","PRJNA312237"
"SRR3173769","PRJNA312237"
"SRR3173770","PRJNA312237"
"SRR3173771","PRJNA312237"
"SRR3173772","PRJNA312237"
"SRR3173773","PRJNA312237"
"SRR3184962","PRJNA313027"
"SRR3184963","PRJNA313027"
"SRR3184964","PRJNA313027"
"SRR3184965","PRJNA313027"
"SRR3184966","PRJNA313027"
"SRR3184967","PRJNA313027"
"SRR3184968","PRJNA313027"
"SRR3184969","PRJNA313027"
"SRR3184970","PRJNA313027"
"SRR3184971","PRJNA313027"
"SRR3184972","PRJNA313027"
"SRR3184973","PRJNA313027"
"SRR3184974","PRJNA313027"
"SRR3184975","PRJNA313027"
"SRR3184976","PRJNA313027"
"SRR3184977","PRJNA313027"
"SRR3184978","PRJNA313027"
"SRR3184979","PRJNA313027"
"SRR3211869","PRJNA314583"
"SRR3211870","PRJNA314583"
"SRR3211871","PRJNA314583"
"SRR3211872","PRJNA314583"
"SRR3211873","PRJNA314583"
"SRR3211874","PRJNA314583"
"SRR3211875","PRJNA314583"
"SRR3211876","PRJNA314583"
"SRR3211877","PRJNA314583"
"SRR3211878","PRJNA314583"
"SRR3211879","PRJNA314583"
"SRR3211880","PRJNA314583"
"SRR3211881","PRJNA314583"
"SRR3211882","PRJNA314583"
"SRR3211883","PRJNA314583"
"SRR3269767","PRJNA315807"
"SRR3269768","PRJNA315807"
"SRR3269769","PRJNA315807"
"SRR3269770","PRJNA315807"
"SRR3657711","PRJNA325325"
"SRR3657712","PRJNA325325"
"SRR3657713","PRJNA325325"
"SRR3657714","PRJNA325325"
"SRR3657715","PRJNA325325"
"SRR3657716","PRJNA325325"
"SRR3657717","PRJNA325325"
"SRR3657718","PRJNA325325"
"SRR3657719","PRJNA325325"
"SRR3657720","PRJNA325325"
"SRR3657721","PRJNA325325"
"SRR3657722","PRJNA325325"
"SRR3657723","PRJNA325325"
"SRR3657724","PRJNA325325"
"SRR4066103","PRJNA340183"
"SRR4066104","PRJNA340183"
"SRR4066105","PRJNA340183"
"SRR4066106","PRJNA340183"
"SRR4181026","PRJNA342039"
"SRR4181027","PRJNA342039"
"SRR4181028","PRJNA342039"
"SRR4181029","PRJNA342039"
"SRR4181030","PRJNA342039"
"SRR4181031","PRJNA342039"
"SRR4181032","PRJNA342039"
"SRR4181033","PRJNA342039"
"SRR4181034","PRJNA342039"
"SRR4181035","PRJNA342039"
"SRR4181036","PRJNA342039"
"SRR4181037","PRJNA342039"
"SRR4255613","PRJNA343462"
"SRR4255614","PRJNA343462"
"SRR4255615","PRJNA343462"
"SRR4255616","PRJNA343462"
"SRR4255617","PRJNA343462"
"SRR4255618","PRJNA343462"
"SRR4255619","PRJNA343462"
"SRR4255620","PRJNA343462"
"SRR4255621","PRJNA343462"
"SRR4255622","PRJNA343462"
"SRR4255623","PRJNA343462"
"SRR4255624","PRJNA343462"
"SRR4255625","PRJNA343462"
"SRR4255626","PRJNA343462"
"SRR4255627","PRJNA343462"
"SRR4255628","PRJNA343462"
"SRR4255629","PRJNA343462"
"SRR4255630","PRJNA343462"
"SRR4255631","PRJNA343462"
"SRR4255632","PRJNA343462"
"SRR4255633","PRJNA343462"
"SRR4255634","PRJNA343462"
"SRR4255635","PRJNA343462"
"SRR4255636","PRJNA343462"
"SRR4255637","PRJNA343462"
"SRR4255638","PRJNA343462"
"SRR4255639","PRJNA343462"
"SRR4255640","PRJNA343462"
"SRR4255641","PRJNA343462"
"SRR4255642","PRJNA343462"
"SRR5091919","PRJNA356824"
"SRR5091920","PRJNA356824"
"SRR5091921","PRJNA356824"
"SRR5091922","PRJNA356824"
"SRR5091923","PRJNA356824"
"SRR5091924","PRJNA356824"
"SRR5091925","PRJNA356824"
"SRR5091926","PRJNA356824"
"SRR5091927","PRJNA356824"
"SRR5091928","PRJNA356824"
"SRR5182202","PRJNA362200"
"SRR5182203","PRJNA362200"
"SRR5182204","PRJNA362200"
"SRR5182205","PRJNA362200"
"SRR5182206","PRJNA362200"
"SRR5182207","PRJNA362200"
"SRR5182208","PRJNA362200"
"SRR5182209","PRJNA362200"
"SRR5182210","PRJNA362200"
"SRR5182211","PRJNA362200"
"SRR5182212","PRJNA362200"
"SRR5182213","PRJNA362200"
"SRR6452886","PRJNA362200"
"SRR6452887","PRJNA362200"
"SRR6452888","PRJNA362200"
"SRR6452889","PRJNA362200"
"SRR6452890","PRJNA362200"
"SRR6452891","PRJNA362200"
"SRR6452892","PRJNA362200"
"SRR6452893","PRJNA362200"
"SRR6452894","PRJNA362200"
"SRR6452895","PRJNA362200"
"SRR6452896","PRJNA362200"
"SRR6452897","PRJNA362200"
"SRR6452898","PRJNA362200"
"SRR6452899","PRJNA362200"
"SRR6452900","PRJNA362200"
"SRR6452901","PRJNA362200"
"SRR6452902","PRJNA362200"
"SRR6452903","PRJNA362200"
"SRR6452904","PRJNA362200"
"SRR6452905","PRJNA362200"
"SRR6452906","PRJNA362200"
"SRR6452907","PRJNA362200"
"SRR6452908","PRJNA362200"
"SRR6452909","PRJNA362200"
"SRR6452910","PRJNA362200"
"SRR6452911","PRJNA362200"
"SRR6452912","PRJNA362200"
"SRR6452913","PRJNA362200"
"SRR6452914","PRJNA362200"
"SRR6452915","PRJNA362200"
"SRR6452916","PRJNA362200"
"SRR6452917","PRJNA362200"
"SRR6452918","PRJNA362200"
"SRR6452919","PRJNA362200"
"SRR6452920","PRJNA362200"
"SRR6452921","PRJNA362200"
"SRR6452922","PRJNA362200"
"SRR6452923","PRJNA362200"
"SRR6452924","PRJNA362200"
"SRR5279718","PRJNA376493"
"SRR5279719","PRJNA376493"
"SRR5279720","PRJNA376493"
"SRR5279721","PRJNA376493"
"SRR5279722","PRJNA376493"
"SRR5279723","PRJNA376493"
"SRR5279724","PRJNA376493"
"SRR5279725","PRJNA376493"
"SRR5279726","PRJNA376493"
"SRR5279727","PRJNA376493"
"SRR5279728","PRJNA376493"
"SRR5279729","PRJNA376493"
"SRR5757263","PRJNA391939"
"SRR5757264","PRJNA391939"
"SRR5757265","PRJNA391939"
"SRR5757266","PRJNA391939"
"SRR5757267","PRJNA391939"
"SRR5757268","PRJNA391939"
"SRR5757269","PRJNA391939"
"SRR5757270","PRJNA391939"
"SRR5757271","PRJNA391939"
"SRR5757272","PRJNA391939"
"SRR5757273","PRJNA391939"
"SRR5757274","PRJNA391939"
"SRR5757275","PRJNA391939"
"SRR5757276","PRJNA391939"
"SRR5757277","PRJNA391939"
"SRR5757278","PRJNA391939"
"SRR5757279","PRJNA391939"
"SRR5757280","PRJNA391939"
"SRR5757281","PRJNA391939"
"SRR5757282","PRJNA391939"
"SRR5757283","PRJNA391939"
"SRR5757284","PRJNA391939"
"SRR5757285","PRJNA391939"
"SRR5757286","PRJNA391939"
"SRR5757287","PRJNA391939"
"SRR5757288","PRJNA391939"
"SRR5757289","PRJNA391939"
"SRR5757290","PRJNA391939"
"SRR5757291","PRJNA391939"
"SRR5757292","PRJNA391939"
"SRR5871042","PRJNA395909"
"SRR5871043","PRJNA395909"
"SRR5871044","PRJNA395909"
"SRR5871045","PRJNA395909"
"SRR5871046","PRJNA395909"
"SRR5871047","PRJNA395909"
"SRR5871048","PRJNA395909"
"SRR5871049","PRJNA395909"
"SRR5871050","PRJNA395909"
"SRR5871051","PRJNA395909"
"SRR5871052","PRJNA395909"
"SRR6178141","PRJNA414453"
"SRR6178142","PRJNA414453"
"SRR6178143","PRJNA414453"
"SRR6178144","PRJNA414453"
"SRR6178145","PRJNA414453"
"SRR6178146","PRJNA414453"
"SRR6178147","PRJNA414453"
"SRR6178148","PRJNA414453"
"SRR6178149","PRJNA414453"
"SRR6308307","PRJNA419144"
"SRR6308308","PRJNA419144"
"SRR6308309","PRJNA419144"
"SRR6308310","PRJNA419144"
"SRR6308311","PRJNA419144"
"SRR6308312","PRJNA419144"
"SRR6308313","PRJNA419144"
"SRR6308314","PRJNA419144"
"SRR6308315","PRJNA419144"
"SRR6308316","PRJNA419144"
"SRR6308317","PRJNA419144"
"SRR6308318","PRJNA419144"
"SRR6356587","PRJNA421426"
"SRR6356588","PRJNA421426"
"SRR6356589","PRJNA421426"
"SRR6356590","PRJNA421426"
"SRR6356591","PRJNA421426"
"SRR6356592","PRJNA421426"
"SRR6356593","PRJNA421426"
"SRR6356594","PRJNA421426"
"SRR6356595","PRJNA421426"
"SRR6356596","PRJNA421426"
"SRR6356597","PRJNA421426"
"SRR6356598","PRJNA421426"
"SRR6356599","PRJNA421426"
"SRR6356600","PRJNA421426"
"SRR6356601","PRJNA421426"
"SRR6356602","PRJNA421426"
"SRR6356603","PRJNA421426"
"SRR6356604","PRJNA421426"
"SRR6356605","PRJNA421426"
"SRR6356606","PRJNA421426"
"SRR6356607","PRJNA421426"
"SRR6356608","PRJNA421426"
"SRR6356609","PRJNA421426"
"SRR6356610","PRJNA421426"
"SRR6356611","PRJNA421426"
"SRR6356612","PRJNA421426"
"SRR6356613","PRJNA421426"
"SRR6356614","PRJNA421426"
"SRR6356615","PRJNA421426"
"SRR6356616","PRJNA421426"
"SRR6356617","PRJNA421426"
"SRR6356618","PRJNA421426"
"SRR6388516","PRJNA423001"
"SRR6388517","PRJNA423001"
"SRR6388518","PRJNA423001"
"SRR6388519","PRJNA423001"
"SRR6388520","PRJNA423001"
"SRR6388521","PRJNA423001"
"SRR6388522","PRJNA423001"
"SRR6388523","PRJNA423001"
"SRR6388524","PRJNA423001"
"SRR6388525","PRJNA423001"
"SRR6388526","PRJNA423001"
"SRR6388527","PRJNA423001"
"SRR6388528","PRJNA423001"
"SRR6388529","PRJNA423001"
"SRR6388530","PRJNA423001"
"SRR6388531","PRJNA423001"
"SRR6388532","PRJNA423001"
"SRR6388533","PRJNA423001"
"SRR6388534","PRJNA423001"
"SRR6388535","PRJNA423001"
"SRR6388536","PRJNA423001"
"SRR6388537","PRJNA423001"
"SRR6388538","PRJNA423001"
"SRR6388539","PRJNA423001"
"SRR6388540","PRJNA423001"
"SRR6388541","PRJNA423001"
"SRR6388542","PRJNA423001"
"SRR6388543","PRJNA423001"
"SRR6388544","PRJNA423001"
"SRR6388545","PRJNA423001"
"SRR6388546","PRJNA423001"
"SRR6388547","PRJNA423001"
"SRR6388548","PRJNA423001"
"SRR6388549","PRJNA423001"
"SRR6388550","PRJNA423001"
"SRR6388551","PRJNA423001"
"SRR6388552","PRJNA423001"
"SRR6388553","PRJNA423001"
"SRR6388554","PRJNA423001"
"SRR6388555","PRJNA423001"
"SRR6388556","PRJNA423001"
"SRR6388557","PRJNA423001"
"SRR6388558","PRJNA423001"
"SRR6388559","PRJNA423001"
"SRR6388560","PRJNA423001"
"SRR6388561","PRJNA423001"
"SRR6388562","PRJNA423001"
"SRR6388563","PRJNA423001"
"SRR6388564","PRJNA423001"
"SRR6388565","PRJNA423001"
"SRR6388566","PRJNA423001"
"SRR6388567","PRJNA423001"
"SRR6388568","PRJNA423001"
"SRR6389784","PRJNA423029"
"SRR6389785","PRJNA423029"
"SRR6389786","PRJNA423029"
"SRR6389787","PRJNA423029"
"SRR6389788","PRJNA423029"
"SRR6389789","PRJNA423029"
"SRR6389790","PRJNA423029"
"SRR6389791","PRJNA423029"
"SRR6761006","PRJNA435494"
"SRR6761007","PRJNA435494"
"SRR6761008","PRJNA435494"
"SRR6761009","PRJNA435494"
"SRR6761010","PRJNA435494"
"SRR6761011","PRJNA435494"
"SRR6761012","PRJNA435494"
"SRR6761013","PRJNA435494"
"SRR6761014","PRJNA435494"
"SRR6761015","PRJNA435494"
"SRR6761016","PRJNA435494"
"SRR6761017","PRJNA435494"
"SRR6761018","PRJNA435494"
"SRR6761019","PRJNA435494"
"SRR6761020","PRJNA435494"
"SRR6761021","PRJNA435494"
"SRR6761022","PRJNA435494"
"SRR6761023","PRJNA435494"
"SRR6761024","PRJNA435494"
"SRR6761025","PRJNA435494"
"SRR6761026","PRJNA435494"
"SRR6761027","PRJNA435494"
"SRR6761028","PRJNA435494"
"SRR6761029","PRJNA435494"
"SRR6761030","PRJNA435494"
"SRR6761031","PRJNA435494"
"SRR6761032","PRJNA435494"
"SRR6761033","PRJNA435494"
"SRR6761034","PRJNA435494"
"SRR6761035","PRJNA435494"
"SRR6761036","PRJNA435494"
"SRR6761037","PRJNA435494"
"SRR6761038","PRJNA435494"
"SRR6761039","PRJNA435494"
"SRR6761040","PRJNA435494"
"SRR6761041","PRJNA435494"
"SRR6761042","PRJNA435494"
"SRR6761046","PRJNA435494"
"SRR6761047","PRJNA435494"
"SRR6761048","PRJNA435494"
"SRR6792643","PRJNA436362"
"SRR6792644","PRJNA436362"
"SRR6792645","PRJNA436362"
"SRR6792646","PRJNA436362"
"SRR6792647","PRJNA436362"
"SRR6792648","PRJNA436362"
"SRR6798206","PRJNA436651"
"SRR6798207","PRJNA436651"
"SRR6798208","PRJNA436651"
"SRR6798209","PRJNA436651"
"SRR6798210","PRJNA436651"
"SRR6798211","PRJNA436651"
"SRR6798212","PRJNA436651"
"SRR6798213","PRJNA436651"
"SRR6798214","PRJNA436651"
"SRR6798215","PRJNA436651"
"SRR6798216","PRJNA436651"
"SRR6798217","PRJNA436651"
"SRR6798218","PRJNA436651"
"SRR6798219","PRJNA436651"
"SRR6798220","PRJNA436651"
"SRR6798221","PRJNA436651"
"SRR6798222","PRJNA436651"
"SRR6798223","PRJNA436651"
"SRR6798224","PRJNA436651"
"SRR6798225","PRJNA436651"
"SRR6798226","PRJNA436651"
"SRR6798227","PRJNA436651"
"SRR6798228","PRJNA436651"
"SRR6798229","PRJNA436651"
"SRR6798230","PRJNA436651"
"SRR6798231","PRJNA436651"
"SRR6798232","PRJNA436651"
"SRR6798233","PRJNA436651"
"SRR6798234","PRJNA436651"
"SRR6798235","PRJNA436651"
"SRR6798236","PRJNA436651"
"SRR6798237","PRJNA436651"
"SRR6798238","PRJNA436651"
"SRR6798239","PRJNA436651"
"SRR6798240","PRJNA436651"
"SRR6798241","PRJNA436651"
"SRR6798242","PRJNA436651"
"SRR6798243","PRJNA436651"
"SRR6798244","PRJNA436651"
"SRR6798245","PRJNA436651"
"SRR6798246","PRJNA436651"
"SRR6798247","PRJNA436651"
"SRR6798248","PRJNA436651"
"SRR6798249","PRJNA436651"
"SRR6798250","PRJNA436651"
"SRR6798251","PRJNA436651"
"SRR6798252","PRJNA436651"
"SRR6798253","PRJNA436651"
"SRR6798254","PRJNA436651"
"SRR6798255","PRJNA436651"
"SRR6983668","PRJNA449675"
"SRR6983669","PRJNA449675"
"SRR6983670","PRJNA449675"
"SRR6983671","PRJNA449675"
"SRR6983672","PRJNA449675"
"SRR6983673","PRJNA449675"
"SRR6983674","PRJNA449675"
"SRR6983675","PRJNA449675"
"SRR6983676","PRJNA449675"
"SRR6983677","PRJNA449675"
"SRR6983678","PRJNA449675"
"SRR6983679","PRJNA449675"
"SRR8255699","PRJNA449675"
"SRR8255700","PRJNA449675"
"SRR8255701","PRJNA449675"
"SRR8255702","PRJNA449675"
"SRR8255703","PRJNA449675"
"SRR8255704","PRJNA449675"
"SRR8255705","PRJNA449675"
"SRR8255706","PRJNA449675"
"SRR8255707","PRJNA449675"
"SRR8255708","PRJNA449675"
"SRR8255709","PRJNA449675"
"SRR8255710","PRJNA449675"
"SRR7167175","PRJNA471520"
"SRR7167176","PRJNA471520"
"SRR7167177","PRJNA471520"
"SRR7167178","PRJNA471520"
"SRR7167179","PRJNA471520"
"SRR7167180","PRJNA471520"
"SRR7167181","PRJNA471520"
"SRR7167182","PRJNA471520"
"SRR7167183","PRJNA471520"
"SRR7167184","PRJNA471520"
"SRR7167185","PRJNA471520"
"SRR7167186","PRJNA471520"
"SRR7167187","PRJNA471520"
"SRR7167188","PRJNA471520"
"SRR7167189","PRJNA471520"
"SRR7167190","PRJNA471520"
"SRR7167191","PRJNA471520"
"SRR7167192","PRJNA471520"
"SRR7167193","PRJNA471520"
"SRR7167194","PRJNA471520"
"SRR7167195","PRJNA471520"
"SRR7167196","PRJNA471520"
"SRR7167197","PRJNA471520"
"SRR7167198","PRJNA471520"
"SRR7167199","PRJNA471520"
"SRR7167200","PRJNA471520"
"SRR7167201","PRJNA471520"
"SRR7167202","PRJNA471520"
"SRR7167203","PRJNA471520"
"SRR7167204","PRJNA471520"
"SRR7167205","PRJNA471520"
"SRR7167206","PRJNA471520"
"SRR7235735","PRJNA473811"
"SRR7235736","PRJNA473811"
"SRR7235737","PRJNA473811"
"SRR7235738","PRJNA473811"
"SRR7235739","PRJNA473811"
"SRR7235740","PRJNA473811"
"SRR7281439","PRJNA475273"
"SRR7281440","PRJNA475273"
"SRR7281441","PRJNA475273"
"SRR7281442","PRJNA475273"
"SRR7281443","PRJNA475273"
"SRR7281444","PRJNA475273"
"SRR7281445","PRJNA475273"
"SRR7281446","PRJNA475273"
"SRR7281447","PRJNA475273"
"SRR7281448","PRJNA475273"
"SRR7281449","PRJNA475273"
"SRR7281450","PRJNA475273"
"SRR7281451","PRJNA475273"
"SRR7281452","PRJNA475273"
"SRR7281453","PRJNA475273"
"SRR7649462","PRJNA484793"
"SRR7649463","PRJNA484793"
"SRR7649464","PRJNA484793"
"SRR7649465","PRJNA484793"
"SRR7649466","PRJNA484793"
"SRR7649467","PRJNA484793"
"SRR7649468","PRJNA484793"
"SRR7649469","PRJNA484793"
"SRR7649470","PRJNA484793"
"SRR7649471","PRJNA484793"
"SRR7649472","PRJNA484793"
"SRR7649473","PRJNA484793"
"SRR7649474","PRJNA484793"
"SRR7649475","PRJNA484793"
"SRR7649476","PRJNA484793"
"SRR7649477","PRJNA484793"
"SRR7788684","PRJNA489378"
"SRR7788685","PRJNA489378"
"SRR7788686","PRJNA489378"
"SRR7788687","PRJNA489378"
"SRR7788688","PRJNA489378"
"SRR7788689","PRJNA489378"
"SRR7788690","PRJNA489378"
"SRR7788691","PRJNA489378"
"SRR7788692","PRJNA489378"
"SRR7788693","PRJNA489378"
"SRR7788694","PRJNA489378"
"SRR7788695","PRJNA489378"
"SRR7788696","PRJNA489378"
"SRR7788697","PRJNA489378"
"SRR7788698","PRJNA489378"
"SRR7788699","PRJNA489378"
"SRR7788700","PRJNA489378"
"SRR7788701","PRJNA489378"
"SRR7788702","PRJNA489378"
"SRR7788703","PRJNA489378"
"SRR7788704","PRJNA489378"
"SRR7788705","PRJNA489378"
"SRR7788706","PRJNA489378"
"SRR7788707","PRJNA489378"
"SRR7788708","PRJNA489378"
"SRR7788709","PRJNA489378"
"SRR7788710","PRJNA489378"
"SRR7788711","PRJNA489378"
"SRR7788712","PRJNA489378"
"SRR7788713","PRJNA489378"
"SRR7788714","PRJNA489378"
"SRR7788715","PRJNA489378"
"SRR7788716","PRJNA489378"
"SRR7788717","PRJNA489378"
"SRR7788718","PRJNA489378"
"SRR7788719","PRJNA489378"
"SRR7788720","PRJNA489378"
"SRR7788721","PRJNA489378"
"SRR7788722","PRJNA489378"
"SRR7788723","PRJNA489378"
"SRR7788724","PRJNA489378"
"SRR7788725","PRJNA489378"
"SRR7788726","PRJNA489378"
"SRR7788727","PRJNA489378"
"SRR7788728","PRJNA489378"
"SRR7788729","PRJNA489378"
"SRR7788730","PRJNA489378"
"SRR7788731","PRJNA489378"
"SRR7811658","PRJNA490034"
"SRR7811659","PRJNA490034"
"SRR7811660","PRJNA490034"
"SRR7811661","PRJNA490034"
"SRR7811662","PRJNA490034"
"SRR7811663","PRJNA490034"
"SRR7811664","PRJNA490034"
"SRR7811665","PRJNA490034"
"SRR7811666","PRJNA490034"
"SRR7811667","PRJNA490034"
"SRR7811668","PRJNA490034"
"SRR7811669","PRJNA490034"
"SRR7811670","PRJNA490034"
"SRR7811671","PRJNA490034"
"SRR7811672","PRJNA490034"
"SRR7811673","PRJNA490034"
"SRR7811674","PRJNA490034"
"SRR7811675","PRJNA490034"
"SRR7811676","PRJNA490034"
"SRR7811677","PRJNA490034"
"SRR7811678","PRJNA490034"
"SRR7811679","PRJNA490034"
"SRR7811680","PRJNA490034"
"SRR7811681","PRJNA490034"
"SRR7811682","PRJNA490034"
"SRR7811683","PRJNA490034"
"SRR7811684","PRJNA490034"
"SRR7811685","PRJNA490034"
"SRR7832306","PRJNA491191"
"SRR7832307","PRJNA491191"
"SRR7832308","PRJNA491191"
"SRR7832309","PRJNA491191"
"SRR7832310","PRJNA491191"
"SRR7832311","PRJNA491191"
"SRR7832312","PRJNA491191"
"SRR7832313","PRJNA491191"
"SRR7832314","PRJNA491191"
"SRR10340338","PRJNA497519"
"SRR10340339","PRJNA497519"
"SRR8079470","PRJNA497519"
"SRR8079472","PRJNA497519"
"SRR8079473","PRJNA497519"
"SRR8079474","PRJNA497519"
"SRR8079475","PRJNA497519"
"SRR8079479","PRJNA497519"
"SRR8079480","PRJNA497519"
"SRR8079481","PRJNA497519"
"SRR8079482","PRJNA497519"
"SRR8079483","PRJNA497519"
"SRR8079484","PRJNA497519"
"SRR8079485","PRJNA497519"
"SRR8240860","PRJNA506829"
"SRR8240861","PRJNA506829"
"SRR8240862","PRJNA506829"
"SRR8240863","PRJNA506829"
"SRR8240864","PRJNA506829"
"SRR8240865","PRJNA506829"
"SRR8240866","PRJNA506829"
"SRR8240867","PRJNA506829"
"SRR8240868","PRJNA506829"
"SRR8240869","PRJNA506829"
"SRR8240870","PRJNA506829"
"SRR8240871","PRJNA506829"
"SRR8240872","PRJNA506829"
"SRR8240873","PRJNA506829"
"SRR8240874","PRJNA506829"
"SRR8240875","PRJNA506829"
"SRR8240876","PRJNA506829"
"SRR8240877","PRJNA506829"
"SRR8240878","PRJNA506829"
"SRR8240879","PRJNA506829"
"SRR8240880","PRJNA506829"
"SRR8240881","PRJNA506829"
"SRR8240882","PRJNA506829"
"SRR8240883","PRJNA506829"
"SRR8240884","PRJNA506829"
"SRR8240885","PRJNA506829"
"SRR8240886","PRJNA506829"
"SRR8240887","PRJNA506829"
"SRR8240888","PRJNA506829"
"SRR8240889","PRJNA506829"
"SRR8240890","PRJNA506829"
"SRR8240891","PRJNA506829"
"SRR8240892","PRJNA506829"
"SRR8240893","PRJNA506829"
"SRR8240894","PRJNA506829"
"SRR8240895","PRJNA506829"
"SRR8240896","PRJNA506829"
"SRR8240897","PRJNA506829"
"SRR8240898","PRJNA506829"
"SRR8240899","PRJNA506829"
"SRR8240900","PRJNA506829"
"SRR8240901","PRJNA506829"
"SRR8241130","PRJNA506844"
"SRR8241131","PRJNA506844"
"SRR8241132","PRJNA506844"
"SRR8241133","PRJNA506844"
"SRR8241134","PRJNA506844"
"SRR8241135","PRJNA506844"
"SRR8241136","PRJNA506844"
"SRR8241137","PRJNA506844"
"SRR8241138","PRJNA506844"
"SRR8241139","PRJNA506844"
"SRR8241140","PRJNA506844"
"SRR8241141","PRJNA506844"
"SRR8241142","PRJNA506844"
"SRR8241143","PRJNA506844"
"SRR8241144","PRJNA506844"
"SRR8263784","PRJNA507640"
"SRR8263785","PRJNA507640"
"SRR8263786","PRJNA507640"
"SRR8263787","PRJNA507640"
"SRR8263788","PRJNA507640"
"SRR8263789","PRJNA507640"
"SRR8263790","PRJNA507640"
"SRR8263791","PRJNA507640"
"SRR8263792","PRJNA507640"
"SRR8263793","PRJNA507640"
"SRR8263794","PRJNA507640"
"SRR8263795","PRJNA507640"
"SRR8266807","PRJNA507749"
"SRR8266808","PRJNA507749"
"SRR8268203","PRJNA507775"
"SRR8268204","PRJNA507775"
"SRR8268205","PRJNA507775"
"SRR8268206","PRJNA507775"
"SRR8268207","PRJNA507775"
"SRR8268208","PRJNA507775"
"SRR8268209","PRJNA507775"
"SRR8268210","PRJNA507775"
"SRR8268211","PRJNA507775"
"SRR8268212","PRJNA507775"
"SRR8268213","PRJNA507775"
"SRR8268214","PRJNA507775"
"SRR8268215","PRJNA507775"
"SRR8268216","PRJNA507775"
"SRR8309206","PRJNA509132"
"SRR8309207","PRJNA509132"
"SRR8309208","PRJNA509132"
"SRR8309209","PRJNA509132"
"SRR8309210","PRJNA509132"
"SRR8309211","PRJNA509132"
"SRR8309212","PRJNA509132"
"SRR8309213","PRJNA509132"
"SRR8309214","PRJNA509132"
"SRR8309215","PRJNA509132"
"SRR8309216","PRJNA509132"
"SRR8309217","PRJNA509132"
"SRR8309218","PRJNA509132"
"SRR8309219","PRJNA509132"
"SRR8309220","PRJNA509132"
"SRR8318591","PRJNA510076"
"SRR8318592","PRJNA510076"
"SRR8318593","PRJNA510076"
"SRR8318594","PRJNA510076"
"SRR8318595","PRJNA510076"
"SRR8318596","PRJNA510076"
"SRR8318597","PRJNA510076"
"SRR8318598","PRJNA510076"
"SRR8435655","PRJNA514750"
"SRR8435656","PRJNA514750"
"SRR8435657","PRJNA514750"
"SRR8435658","PRJNA514750"
"SRR8435659","PRJNA514750"
"SRR8435660","PRJNA514750"
"SRR8435661","PRJNA514750"
"SRR8435662","PRJNA514750"
"SRR8435663","PRJNA514750"
"SRR8435664","PRJNA514750"
"SRR8435665","PRJNA514750"
"SRR8435666","PRJNA514750"
"SRR8435667","PRJNA514750"
"SRR8435668","PRJNA514750"
"SRR8435669","PRJNA514750"
"SRR8435670","PRJNA514750"
"SRR8435671","PRJNA514750"
"SRR8435672","PRJNA514750"
"SRR8435673","PRJNA514750"
"SRR8435674","PRJNA514750"
"SRR8435675","PRJNA514750"
"SRR8435676","PRJNA514750"
"SRR8435677","PRJNA514750"
"SRR8435678","PRJNA514750"
"SRR8435679","PRJNA514750"
"SRR8435680","PRJNA514750"
"SRR8435681","PRJNA514750"
"SRR8435682","PRJNA514750"
"SRR8435683","PRJNA514750"
"SRR8435684","PRJNA514750"
"SRR8435685","PRJNA514750"
"SRR8435686","PRJNA514750"
"SRR8435687","PRJNA514750"
"SRR8435688","PRJNA514750"
"SRR8435689","PRJNA514750"
"SRR8435690","PRJNA514750"
"SRR8435691","PRJNA514750"
"SRR8435692","PRJNA514750"
"SRR8435693","PRJNA514750"
"SRR8435694","PRJNA514750"
"SRR8435695","PRJNA514750"
"SRR8435696","PRJNA514750"
"SRR8435697","PRJNA514750"
"SRR8435698","PRJNA514750"
"SRR8435699","PRJNA514750"
"SRR8528154","PRJNA520897"
"SRR8528155","PRJNA520897"
"SRR8528156","PRJNA520897"
"SRR8528157","PRJNA520897"
"SRR8528158","PRJNA520897"
"SRR8528159","PRJNA520897"
"SRR8528160","PRJNA520897"
"SRR8528161","PRJNA520897"
"SRR8528162","PRJNA520897"
"SRR8528163","PRJNA520897"
"SRR8528164","PRJNA520897"
"SRR8528165","PRJNA520897"
"SRR8528166","PRJNA520897"
"SRR8528167","PRJNA520897"
"SRR8528168","PRJNA520897"
"SRR8528169","PRJNA520897"
"SRR8528170","PRJNA520897"
"SRR8528171","PRJNA520897"
"SRR8528172","PRJNA520897"
"SRR8528173","PRJNA520897"
"SRR8528178","PRJNA520897"
"SRR8528179","PRJNA520897"
"SRR8528180","PRJNA520897"
"SRR8528181","PRJNA520897"
"SRR8528182","PRJNA520897"
"SRR8528183","PRJNA520897"
"SRR8528184","PRJNA520897"
"SRR8528185","PRJNA520897"
"SRR8582308","PRJNA522776"
"SRR8582309","PRJNA522776"
"SRR8582310","PRJNA522776"
"SRR8582311","PRJNA522776"
"SRR8582312","PRJNA522776"
"SRR8582313","PRJNA522776"
"SRR8582314","PRJNA522776"
"SRR8582315","PRJNA522776"
"SRR8582316","PRJNA522776"
"SRR8582317","PRJNA522776"
"SRR8582318","PRJNA522776"
"SRR8582319","PRJNA522776"
"SRR8582320","PRJNA522776"
"SRR8582321","PRJNA522776"
"SRR8582322","PRJNA522776"
"SRR8582323","PRJNA522776"
"SRR8689280","PRJNA525790"
"SRR8689281","PRJNA525790"
"SRR8689282","PRJNA525790"
"SRR8689283","PRJNA525790"
"SRR8689284","PRJNA525790"
"SRR8689285","PRJNA525790"
"SRR8689286","PRJNA525790"
"SRR8689287","PRJNA525790"
"SRR8689288","PRJNA525790"
"SRR8689289","PRJNA525790"
"SRR8689290","PRJNA525790"
"SRR8689291","PRJNA525790"
"SRR8754548","PRJNA528111"
"SRR8754549","PRJNA528111"
"SRR8754550","PRJNA528111"
"SRR8754551","PRJNA528111"
"SRR8754552","PRJNA528111"
"SRR8754553","PRJNA528111"
"SRR8754554","PRJNA528111"
"SRR8754555","PRJNA528111"
"SRR8754556","PRJNA528111"
"SRR8754557","PRJNA528111"
"SRR8754558","PRJNA528111"
"SRR8754559","PRJNA528111"
"SRR8754560","PRJNA528111"
"SRR9307537","PRJNA549074"
"SRR9307538","PRJNA549074"
"SRR9307539","PRJNA549074"
"SRR9307540","PRJNA549074"
"SRR9307541","PRJNA549074"
"SRR9307542","PRJNA549074"
"SRR9307543","PRJNA549074"
"SRR9307544","PRJNA549074"
"SRR9307545","PRJNA549074"
"SRR9307546","PRJNA549074"
"SRR9307547","PRJNA549074"
"SRR9307548","PRJNA549074"
"SRR9674455","PRJNA554266"
"SRR9674456","PRJNA554266"
"SRR9674457","PRJNA554266"
"SRR9674458","PRJNA554266"
"SRR9674459","PRJNA554266"
"SRR9674460","PRJNA554266"
"SRR10087139","PRJNA564575"
"SRR10087140","PRJNA564575"
"SRR10087141","PRJNA564575"
"SRR10087142","PRJNA564575"
"SRR10087143","PRJNA564575"
"SRR10087144","PRJNA564575"
"SRR10189234","PRJNA574273"
"SRR10189235","PRJNA574273"
"SRR10189236","PRJNA574273"
"SRR10189237","PRJNA574273"
"SRR10189238","PRJNA574273"
"SRR10189239","PRJNA574273"
"SRR10189240","PRJNA574273"
"SRR10189241","PRJNA574273"
"SRR10189242","PRJNA574273"
"SRR10189243","PRJNA574273"
"SRR10189244","PRJNA574273"
"SRR10189245","PRJNA574273"
"SRR10200213","PRJNA574844"
"SRR10200214","PRJNA574844"
"SRR10200215","PRJNA574844"
"SRR10200216","PRJNA574844"
"SRR10200217","PRJNA574844"
"SRR10200218","PRJNA574844"
"SRR10200219","PRJNA574844"
"SRR10200220","PRJNA574844"
"SRR10200221","PRJNA574844"
"SRR10200222","PRJNA574844"
"SRR10200223","PRJNA574844"
"SRR10200224","PRJNA574844"
"SRR10222650","PRJNA575569"
"SRR10222651","PRJNA575569"
"SRR10222652","PRJNA575569"
"SRR10222653","PRJNA575569"
"SRR10222654","PRJNA575569"
"SRR10222655","PRJNA575569"
"SRR10222656","PRJNA575569"
"SRR10222657","PRJNA575569"
"SRR10222658","PRJNA575569"
"SRR10222659","PRJNA575569"
"SRR10222660","PRJNA575569"
"SRR10222661","PRJNA575569"
"SRR10238290","PRJNA576205"
"SRR10238291","PRJNA576205"
"SRR10238292","PRJNA576205"
"SRR10238293","PRJNA576205"
"SRR10238294","PRJNA576205"
"SRR10238295","PRJNA576205"
"SRR10238296","PRJNA576205"
"SRR10238297","PRJNA576205"
"SRR10544927","PRJNA592073"
"SRR10544928","PRJNA592073"
"SRR10544929","PRJNA592073"
"SRR10544930","PRJNA592073"
"SRR10544931","PRJNA592073"
"SRR10544932","PRJNA592073"
"SRR10544933","PRJNA592073"
"SRR10544934","PRJNA592073"
"SRR10544935","PRJNA592073"
"SRR10956578","PRJNA602828"
"SRR10956579","PRJNA602828"
"SRR10956580","PRJNA602828"
"SRR10956581","PRJNA602828"
"SRR10956582","PRJNA602828"
"SRR10956583","PRJNA602828"
"SRR10956584","PRJNA602828"
"SRR10956585","PRJNA602828"
"SRR11005169","PRJNA604568"
"SRR11005170","PRJNA604568"
"SRR11005171","PRJNA604568"
"SRR11005172","PRJNA604568"
"SRR11005173","PRJNA604568"
"SRR11005174","PRJNA604568"
"SRR11005175","PRJNA604568"
"SRR11005176","PRJNA604568"
"SRR11243556","PRJNA610525"
"SRR11243557","PRJNA610525"
"SRR11243558","PRJNA610525"
"SRR11243559","PRJNA610525"
"SRR11243560","PRJNA610525"
"SRR11243561","PRJNA610525"
"SRR11243562","PRJNA610525"
"SRR11243563","PRJNA610525"
"SRR11243564","PRJNA610525"
"SRR11243565","PRJNA610525"
"SRR11243566","PRJNA610525"
"SRR11243567","PRJNA610525"
